{"cameraMode":{"drawMode":0,"name":"Shaded","section":"Shading Mode"},"sceneLighting":true,"audioPlay":false,"sceneViewState":{"m_AlwaysRefresh":false,"showFog":true,"showSkybox":true,"showFlares":true,"showImageEffects":true,"showParticleSystems":true,"showVisualEffectGraphs":true,"m_FxEnabled":true},"in2DMode":false,"pivot":{"x":0.8973734974861145,"y":-0.4988870620727539,"z":0.24068474769592286},"rotation":{"x":0.7175229787826538,"y":-0.025395046919584276,"z":0.026209011673927308,"w":0.6956201791763306},"size":1.2246325016021729,"orthographic":true}